n,mu_n,gamma_n,abs_error,rel_error
1,11.25,14.134725,2.884725,0.2046
2,12.5,21.022040,8.522040,0.4058
3,13.75,25.010857,11.260857,0.4504
4,15.0,30.424876,15.424876,0.5069
5,16.25,32.935062,16.685062,0.5072
6,17.5,37.586178,20.086178,0.5356
7,18.75,40.918719,22.168719,0.5427
8,20.0,43.327073,23.327073,0.5388
9,21.25,48.005150,26.755150,0.5565
10,22.5,49.773832,27.273832,0.5475
