n,lambda_n,mu_n,gamma_n,mu_spacing,zeta_spacing
1,2.5,11.25,14.134725,,
2,5.0,12.5,21.022040,1.25,6.887315
3,7.5,13.75,25.010857,1.25,3.988817
4,10.0,15.0,30.424876,1.25,5.414019
5,12.5,16.25,32.935062,1.25,2.510186
6,15.0,17.5,37.586178,1.25,4.651116
7,17.5,18.75,40.918719,1.25,3.332541
8,20.0,20.0,43.327073,1.25,2.408354
9,22.5,21.25,48.005150,1.25,4.678077
10,25.0,22.5,49.773832,1.25,1.768682
...
